{
    "loss": 16.208799362182617,
    "accuracy": 0.3272727131843567
}