{
    "loss": 30.292232513427734,
    "accuracy": 0.2545454502105713
}